documents,category
Artificial intelligence is transforming various industries.,Artificial Intelligence
Cloud computing enables scalable and flexible data storage.,Cloud Computing
Cybersecurity is crucial for protecting digital assets.,Cybersecurity
Blockchain technology ensures secure and transparent transactions.,Blockchain
Machine learning models are trained on large datasets.,Machine Learning
Quantum computing has the potential to solve complex problems faster.,Quantum Computing
Augmented reality blends digital content with the real world.,Augmented Reality
5G networks offer faster data speeds and low latency.,Networking
Smartphones have revolutionized personal and professional communication.,Mobile Technology
The Internet of Things connects everyday devices to the web.,Internet of Things
Software updates often include security patches and new features.,Software
Tech startups are driving innovation across various fields.,Startups
Big data analytics provides insights from massive information sources.,Big Data
Digital transformation reshapes how businesses operate and serve customers.,Digital Transformation
Open-source software promotes collaboration and transparency.,Open Source
Data privacy regulations aim to protect user information.,Data Privacy
Autonomous vehicles use sensors and AI to navigate roads.,Autonomous Vehicles
Wearable devices monitor health and fitness in real time.,Wearable Tech
Virtual assistants rely on natural language processing algorithms.,Natural Language Processing
Tech giants invest heavily in research and development.,Research & Development
